<?xml version="1.0" encoding="UTF-8"?>

<!DOCTYPE hibernate-configuration PUBLIC
	"-//Hibernate/Hibernate Configuration DTD 3.0//EN"
	"http://www.hibernate.org/dtd/hibernate-configuration-3.0.dtd">

	<hibernate-configuration>
	<session-factory>
	<property name="hbm2ddl.auto">update</property>
	<property name="dialete">org.hibernate.dialect.MySQL8Dialect</property>
	<property name="connection.url">jdbc:mysql://localhost:3306/happy_pet1</property>
	<property name="connection.username">root</property>
	<property name="connection.password">rasika_1999</property>
	<property name="connection.driver_class">com.mysql.jdbc.Driver</property>
	<property name="show_sql">true</property>
	<property name="current_session_context_class">thread</property>
	<mapping class="com.hibernate.User"/>
	<mapping class="com.hibernate.AnimalShelter"/>
	<mapping class="com.hibernate.Pet"/>
	<mapping class="com.hibernate.PetCareTaker"/>
	<mapping class="com.hibernate.Trainer"/>
	<mapping class="com.hibernate.Veterinary"/>
	<mapping class="com.hibernate.BuySell"/>
	</session-factory>
	</hibernate-configuration>